input_1,input_2,input_3,input_4,input_5,input_6,input_7,input_8,input_9,input_10,output
Private School,Physics,Riyadh,Male,$735 ,"18,180",9.2,9.1,6,0.93,39.8
Public School,Mathematics,Madinah,Male,$742 ,"2,621",6.6,9.5,7.8,0.95,35.4
Public School,Physics,Madinah,Female,$675 ,"17,692",6.1,7.6,7.9,0.92,35.7
Public School,Physics,Al-Khobar,Female,$841 ,"17,738",9.9,9.1,9.4,0.17,41.1
Private School,Chemistry,Hail,Female,$596 ,"10,604",7.7,6.7,9.6,0.17,37.3
Private School,Mathematics,Al-Baha,Male,$806 ,"4,462",6.3,9.7,7.3,0.08,24.6
Public School,Physics,Hail,Male,$507 ,"1,424",6.9,5.6,9.3,0.54,39.1
Public School,Physics,Makkah,Male,$850 ,"2,459",8.6,5.7,5,0.97,39.8
Private School,Mathematics,Madinah,Male,$762 ,"11,303",5.2,9,9.2,0.69,31.9
Public School,Physics,Al-Khobar,Female,$560 ,"13,848",8.6,9.2,6.8,0.67,36.9
Private School,Mathematics,Dammam,Female,$599 ,"9,634",6.4,8.4,9.9,0.14,32
Home School,Chemistry,Hail,Male,$717 ,"1,186",9.6,7.9,5,0.19,32.8
Private School,Physics,Dammam,Male,$911 ,"17,482",7.1,7.1,5.7,0.54,31
Private School,Physics,Jeddah,Male,$732 ,"6,195",8.8,5.3,7.7,0.62,42.7
Public School,Mathematics,Madinah,Female,$924 ,"7,540",6.7,5.7,5.9,0.09,27.1
Public School,Physics,Taif,Male,$873 ,"1,694",5.8,8,5.9,0.18,23
Home School,Physics,Dammam,Male,$575 ,"10,892",7.6,7.2,6.4,0.96,38
Public School,Physics,Jizan,Male,$548 ,"2,068",5.3,5.7,5.2,0.21,22.7
Private School,Chemistry,Taif,Male,$736 ,"1,627",7.7,7,5.6,0.52,32.5
Home School,Chemistry,Al-Baha,Male,$669 ,"17,302",7.3,4,5.2,0.1,29.3
Public School,Mathematics,Makkah,Male,$525 ,"15,731",5.2,8.6,7.4,0.83,30.1
Private School,Chemistry,Hail,Female,$924 ,"16,652",9.2,5.2,8.3,0.48,43.8
,Physics,Madinah,Female,$910 ,"4,549",7,6.3,9.6,0.81,42
Private School,Mathematics,Dammam,Female,$871 ,"2,595",7.4,5.6,7.6,0.19,33.7
Private School,Chemistry,Riyadh,Female,$781 ,"2,682",5.4,7.8,5.2,0.84,27.2
Public School,Chemistry,Madinah,Female,$587 ,"11,683",8.3,9.2,7.3,0.75,37.8
Home School,Physics,Al-Khobar,Female,$839 ,"1,772",9.1,7.3,8.1,0.53,41.5
,Chemistry,Dammam,Male,$674 ,"13,287",5.3,9.4,5.3,0.3,20.1
Home School,Mathematics,Al-Khobar,Male,$696 ,"9,034",6.6,8.7,7.4,0.09,26.8
Public School,Mathematics,Al-Khobar,Female,$508 ,"15,490",9.5,8,8.3,0.63,43.4
Public School,Physics,Dammam,Female,$736 ,"18,878",8.6,5.6,5.7,0.67,38.3
Private School,Chemistry,Makkah,Female,$655 ,"3,702",5.4,7.3,8.5,0.8,33.9
Private School,Physics,Makkah,Male,$572 ,"14,178",7.5,5.8,7.8,0.07,33
Private School,Mathematics,Al-Khobar,Female,$646 ,"13,528",8.9,6.4,9.8,0.53,45.2
,Chemistry,Dammam,Male,$721 ,"2,294",8.5,5.4,6.9,0.25,36.4
Home School,Chemistry,Jizan,Male,$558 ,"17,964",7.5,7.2,8.3,0.17,33.6
Private School,Physics,Hail,Male,$600 ,"10,297",6.6,7.7,7.2,0.68,33.3
Private School,Physics,Al-Baha,Female,$647 ,"11,473",9.1,7,5.8,0.73,39.2
Private School,Mathematics,Dammam,Male,$529 ,"6,639",8.7,6.7,5.4,0.43,34.5
Home School,Mathematics,Jizan,Female,$836 ,"9,488",6.6,6,6.9,0.24,30
,Physics,Taif,Male,$510 ,"3,407",8.5,9.8,6.6,0.82,37.1
Private School,Mathematics,Hail,Female,$719 ,"14,003",8.4,7.6,5.2,0.34,31.4
Private School,Physics,Tabuk,Female,$821 ,"11,590",6.7,9.7,8.9,0.47,32.9
Private School,Chemistry,Madinah,Female,$523 ,"18,365",7.4,8.4,7.3,0.44,32.8
Private School,Chemistry,Al-Khobar,Male,$686 ,"5,633",8.8,9.4,6.6,0.43,34.5
Public School,Chemistry,Al-Khobar,Male,$710 ,"15,776",6.1,5.9,9,0.67,37.1
Private School,Physics,Riyadh,Female,$727 ,"10,914",8.2,5.4,5.6,0.4,34.4
Private School,Physics,Jeddah,Female,$633 ,"1,507",7.1,8.8,7.2,0.18,28.7
Home School,Chemistry,Madinah,Male,$978 ,"16,427",5.6,9.1,5.1,0.7,24.9
Public School,Mathematics,Dammam,Female,$582 ,"10,238",6.4,5,6.9,0.96,37.6
Public School,Chemistry,Taif,Female,$749 ,"12,410",5.2,7.7,9.9,0.46,32.3
Home School,Chemistry,Tabuk,Female,$874 ,"9,668",7.3,6.9,9.6,0.17,35.9
Private School,Chemistry,Al-Khobar,Female,$527 ,"13,949",9.1,9.3,6.4,0.26,33.4
Public School,Chemistry,Dammam,Female,$849 ,"10,187",8.7,8.1,9.2,0.05,36.9
Public School,Mathematics,Jizan,Male,$990 ,"4,168",8.9,5.1,7.6,0.12,38
Public School,Mathematics,Tabuk,Male,$567 ,"6,869",8.9,9.5,9.2,0.82,43.8
Home School,Physics,Al-Khobar,Female,$542 ,"13,328",6.8,7.4,6.4,0.93,35.1
Home School,Physics,Tabuk,Male,$634 ,"6,250",9.6,5.5,8.2,0.53,45
Public School,Mathematics,Al-Khobar,Female,$561 ,"2,881",9,5.3,5.3,0.33,35.6
Home School,Mathematics,Jeddah,Male,$769 ,"19,757",8.9,9.2,9.7,0.05,37.4
Home School,Chemistry,Riyadh,Male,$713 ,"14,199",5.8,7.9,5.3,0.94,29.5
,Physics,Jeddah,Male,$707 ,"9,849",8.7,9.7,6.9,0.8,38.2
Public School,Mathematics,Riyadh,Male,$569 ,"9,238",7.7,9.9,6.5,0.68,33
,Physics,Riyadh,Male,$728 ,"13,305",9,5,8.5,0.87,47.7
Public School,Chemistry,Al-Khobar,Female,$937 ,"19,764",6.6,8.9,8.7,0.8,36.3
Private School,Mathematics,Al-Baha,Female,$615 ,"2,583",5,9.4,5.2,0.92,25.2
,Physics,Hail,Male,$752 ,"19,147",6.9,7,6.9,0.44,31.9
Private School,Physics,Dammam,Female,$942 ,"14,929",5.8,6.6,5.6,0.08,22.8
Home School,Mathematics,Makkah,Male,$888 ,"16,800",6.3,7,8,0.92,37.1
Public School,Chemistry,Al-Baha,Male,$804 ,"5,037",8.2,6.8,8.3,0.22,36.6
Public School,Physics,Riyadh,Male,$916 ,"7,564",9.2,6.3,8.6,0.61,44.6
Private School,Mathematics,Madinah,Male,$780 ,"18,971",5.6,8.8,8.4,0.28,27.6
Home School,Physics,Dammam,Female,$674 ,"12,743",5,6.1,8.9,0.51,31.8
Private School,Physics,Jizan,Female,$727 ,"12,054",6,8.5,6.3,0.98,31.9
Home School,Chemistry,Taif,Male,$530 ,"14,747",7.4,8.2,5.7,0.17,27.1
Public School,Physics,Tabuk,Female,$817 ,"9,401",5.1,5.8,9.3,0.69,35
Public School,Mathematics,Makkah,Male,$794 ,"11,507",5,5.1,7.8,0.03,25.8
Public School,Physics,Jeddah,Female,$782 ,"5,262",7.2,7.6,9.2,0.65,38.9
Public School,Physics,Madinah,Male,$940 ,"14,560",9.4,6.6,6.6,0.55,40.3
Private School,Mathematics,Madinah,Male,$524 ,"8,006",9.3,6.2,5.5,0.08,33.5
Public School,Chemistry,Jizan,Female,$595 ,"7,036",6.8,7.3,5.1,0.56,28.9
,Chemistry,Jizan,Male,$854 ,"3,192",7.7,8.5,6.4,0.33,30.7
Home School,Chemistry,Jeddah,Male,$778 ,"7,081",6.5,6.7,9,0.54,36.2
Private School,Mathematics,Makkah,Male,$710 ,"3,515",7.1,8.8,6.2,0.02,25.1
Public School,Physics,Al-Khobar,Male,$533 ,"8,234",9.8,9.5,5.8,0.05,32
Public School,Mathematics,Al-Baha,Male,$597 ,"1,444",8.3,6.7,6.2,0.67,37.3
Public School,Physics,Hail,Female,$591 ,"9,167",6.2,8.4,6.8,0.26,26.4
Private School,Mathematics,Hail,Male,$579 ,"6,911",9.1,7.6,6.2,0.06,32.7
,Physics,Makkah,Female,$992 ,"15,790",5,7.8,7.4,0.45,26.5
Public School,Physics,Al-Baha,Female,$889 ,"10,846",9.2,9.4,8.3,0.38,38.6
Public School,Mathematics,Madinah,Female,$666 ,"18,627",5.4,6,7.2,0.72,31.8
Public School,Physics,Jeddah,Female,$809 ,"12,579",6,5.2,8.8,0.69,37.3
,Mathematics,Dammam,Male,$633 ,"9,040",9.8,5.1,8.6,0.4,45.5
,Mathematics,Dammam,Female,$529 ,"16,691",8.9,8.3,8.4,0.27,37.9
,Chemistry,Al-Khobar,Male,$546 ,"13,691",7.7,7.3,8.4,0.87,41.3
Home School,Chemistry,Tabuk,Male,$777 ,"16,561",6.5,6.5,8,0.76,36.6
Home School,Chemistry,Tabuk,Male,$715 ,"7,665",5,8.4,7,0.66,27.2
Home School,Physics,Hail,Female,$637 ,"7,349",7.3,7,5.7,0.14,27.7
Home School,Chemistry,Jeddah,Female,$613 ,"1,286",8.9,6.6,5.2,0.45,35
Home School,Chemistry,Makkah,Male,$844 ,"18,657",8.3,8.1,7.7,0.83,40.5
Home School,Chemistry,Al-Khobar,Female,$962 ,"3,116",7.9,8.1,9.4,0.46,39
Public School,Physics,Al-Baha,Female,$877 ,"19,761",7.9,7.9,7.4,0.73,37.9
Private School,Mathematics,Dammam,Female,$566 ,"19,228",9.5,9.2,7.1,0.32,36.7
Private School,Physics,Taif,Male,$773 ,"14,067",7.8,6,6.1,0.37,33.3
Public School,Chemistry,Madinah,Female,$793 ,"9,888",6.5,5,5.9,0.37,30
Private School,Physics,Jizan,Male,$562 ,"13,136",8.8,6.1,7.5,0.96,44.9
Home School,Chemistry,Dammam,Female,$523 ,"1,502",6.9,9,7.9,0.13,28.8
Home School,Chemistry,Jizan,Female,$875 ,"12,866",7.7,8.3,9.6,0.29,36.9
Private School,Chemistry,Dammam,Female,$862 ,"15,905",7.8,7.4,9.5,0.6,41
,Physics,Al-Khobar,Male,$743 ,"8,811",5.1,8.9,5.5,0.36,21
Public School,Mathematics,Taif,Female,$738 ,"9,461",6.2,9.7,7.8,0.93,33.8
Private School,Physics,Al-Khobar,Female,$848 ,"12,163",5.3,8.4,8.1,0.1,24.7
Public School,Physics,Al-Baha,Female,$911 ,"12,660",7.2,7.6,8.9,0.66,38.4
Public School,Chemistry,Madinah,Female,$613 ,"4,709",7.1,8.7,7.2,0.85,35.5
Public School,Chemistry,Al-Baha,Female,$895 ,"9,821",5.5,8.2,5,0.12,19.5
Home School,Physics,Makkah,Female,$850 ,"5,907",6,5.9,8.5,0.72,36.3
,Physics,Dammam,Female,$570 ,"1,464",6.9,5.5,5.9,0.91,36.1
Private School,Mathematics,Makkah,Female,$580 ,"11,892",8.8,8.2,9.5,0.39,41.1
Private School,Physics,Jizan,Male,$964 ,"11,593",6.4,9.8,5.3,0.55,25.5
Public School,Physics,Dammam,Male,$828 ,"1,721",6.2,6.8,8.8,0.06,30
Home School,Mathematics,Al-Baha,Male,$997 ,"9,847",6.5,7.2,7.2,0.17,28.4
Public School,Physics,Al-Khobar,Male,$520 ,"14,941",9.6,6.6,9.1,0.03,40.7
Public School,Physics,Al-Baha,Female,$850 ,"8,470",5.2,8.3,7.2,0.1,22.7
,Physics,Jizan,Male,$644 ,"12,875",8.5,7.6,8,0.06,34.5
Private School,Physics,Jeddah,Male,$933 ,"4,742",6.8,7.9,7.4,0.64,33.7
Private School,Physics,Jeddah,Female,$909 ,"1,755",5.2,6.5,6.2,0.04,21.9
Home School,Physics,Jeddah,Male,$641 ,"1,377",9.4,3.4,5,0.14,36.2
Home School,Physics,Tabuk,Female,$612 ,"17,968",9.2,5.6,9.6,0.9,50.2
Public School,Mathematics,Madinah,Female,$813 ,"9,276",6.3,6.8,8.2,0.81,36.6
Public School,Mathematics,Madinah,Male,$764 ,"3,612",9.9,9.6,5,0.63,36.4
Private School,Chemistry,Jizan,Female,$869 ,"17,718",6.1,6.8,5,0.63,27.8
Private School,Physics,Tabuk,Male,$881 ,"13,033",9.7,8.8,5,0.76,37.9
,Mathematics,Jeddah,Male,$984 ,"19,837",5.3,7.2,8.8,0.17,28
Home School,Mathematics,Al-Khobar,Female,$990 ,"6,224",9.5,9.2,6,0.42,35.5
Home School,Physics,Riyadh,Female,$928 ,"1,847",6.3,7.6,6.6,0.51,29.6
Public School,Mathematics,Jizan,Male,$582 ,"9,585",6.7,8.1,7.9,0.82,36
Private School,Chemistry,Dammam,Male,$535 ,"10,563",9.9,9.1,7.7,0.33,39.3
Private School,Mathematics,Dammam,Male,$561 ,"12,787",5.3,8.7,7,0.16,22.8
Public School,Chemistry,Dammam,Female,$832 ,"16,316",7.1,7.3,9.6,0.07,33.9
Home School,Chemistry,Al-Baha,Female,$675 ,"12,943",5.5,5.3,5.8,0.8,30.8
Private School,Mathematics,Makkah,Female,$952 ,"3,865",8.1,9.2,7.6,0.08,31.1
Private School,Chemistry,Madinah,Male,$578 ,"17,369",8.1,8.3,9.8,0.68,42.4
Home School,Chemistry,Taif,Male,$515 ,"17,013",7.5,7,5.9,0.46,31.9
Private School,Chemistry,Dammam,Female,$992 ,"4,337",5.7,5.2,5.9,0.9,32.7
Private School,Chemistry,Hail,Male,$554 ,"1,414",5.9,7.8,6.1,0.51,27.2
Private School,Physics,Tabuk,Male,$665 ,"11,579",5.1,6.3,8.7,0.02,26.6
Public School,Physics,Riyadh,Male,$994 ,"15,237",8.5,7.7,7.4,0.39,36.5
Home School,Mathematics,Jeddah,Female,$714 ,"3,326",9.1,6,5.3,0.87,40.6
Private School,Mathematics,Riyadh,Male,$622 ,"6,018",5.9,9.8,5.4,0.35,22.2
Private School,Chemistry,Hail,Female,$722 ,"15,521",9.4,9.4,5.4,0.13,30.9
Home School,Physics,Taif,Female,$951 ,"18,285",6,9.7,5,0.08,19.1
Private School,Physics,Madinah,Male,$521 ,"7,853",6.4,8.6,7.6,0.78,33.6
Home School,Physics,Dammam,Female,$654 ,"9,917",6.1,8.3,6.9,0.94,33.2
,Mathematics,Al-Baha,Female,$783 ,"13,556",6.1,8.7,7.6,0.05,25.3
Public School,Mathematics,Dammam,Female,$804 ,"19,739",5.1,5.3,6.9,0.02,24
,Physics,Taif,Male,$549 ,"16,997",6,5.2,9.5,0.22,34
,Physics,Jizan,Male,$643 ,"7,037",6.1,9.8,9.5,0.07,28.2
Home School,Chemistry,Jeddah,Male,$757 ,"9,496",8.8,5,7.9,0.94,46.6
Home School,Physics,Al-Khobar,Male,$660 ,"19,637",5.8,9,5.5,0.74,26.8
Private School,Chemistry,Tabuk,Female,$950 ,"4,391",8.8,6.2,7.4,0.03,35.3
Public School,Chemistry,Madinah,Male,$542 ,"4,187",8.2,8.6,9.4,0.89,43.7
Public School,Mathematics,Riyadh,Female,$966 ,"14,198",7.7,8.7,6.2,0.12,28
Private School,Chemistry,Al-Khobar,Female,$669 ,"11,771",9.9,7.9,9.3,0.01,40.5
Private School,Mathematics,Hail,Female,$676 ,"2,199",8.6,9,6.2,0.28,32
Public School,Chemistry,Hail,Male,$544 ,"7,215",9.9,7.2,7.9,0.73,45.6
Public School,Mathematics,Jizan,Male,$730 ,"14,235",9.9,9.1,7.5,0.55,41.1
Home School,Physics,Taif,Male,$546 ,"8,595",6.9,9.6,6.8,0.82,32.9
Public School,Chemistry,Jeddah,Male,$521 ,"10,540",7.1,7.5,7.9,0.2,31.6
Public School,Mathematics,Tabuk,Male,$794 ,"7,145",7.9,8.4,7.7,0.08,31.5
Private School,Physics,Dammam,Male,$895 ,"4,171",6.4,2.1,5.6,0.83,36.6
Private School,Chemistry,Al-Baha,Female,$708 ,"17,505",5.4,5.7,9.2,0.84,37.3
Home School,Mathematics,Al-Baha,Female,$968 ,"17,782",9.8,8.3,8.4,0.35,41.4
,Physics,Taif,Male,$833 ,"18,586",7.1,7.6,9.8,0.29,36.2
Private School,Chemistry,Taif,Male,$972 ,"17,171",8.5,6.5,8.8,0.83,44.9
Home School,Physics,Makkah,Female,$960 ,"7,147",7.1,9,9.8,0.53,37.2
Public School,Physics,Madinah,Female,$645 ,"14,432",9.7,8.7,7.3,0.55,40.5
Home School,Chemistry,Madinah,Female,$540 ,"18,376",7,7.5,7.6,0.03,29
Public School,Chemistry,Tabuk,Male,$938 ,"14,022",9.5,9.6,8.1,0.76,42.7
Public School,Chemistry,Jizan,Female,$946 ,"12,502",6,6.4,7.6,0.59,32.7
Public School,Physics,Riyadh,Male,$917 ,"1,215",6.4,7.6,6.4,0.03,24.7
Home School,Mathematics,Al-Khobar,Male,$941 ,"13,640",6.3,6.5,7,0.77,34.1
Private School,Chemistry,Tabuk,Male,$626 ,"9,727",8.8,8.4,5.4,0.38,32.6
,Chemistry,Hail,Female,$983 ,"19,696",9.3,9.6,5.6,0.07,30.2
Home School,Physics,Riyadh,Male,$789 ,"17,650",8.3,6,6.1,0.71,38.2
Private School,Physics,Al-Baha,Male,$662 ,"16,112",9.6,6.2,7,0.8,44.6
Home School,Physics,Dammam,Female,$922 ,"4,704",5,7.5,7.7,0.23,25.2
Home School,Physics,Riyadh,Female,$856 ,"17,975",6.7,8.6,6,0.8,31.5
Home School,Physics,Taif,Female,$982 ,"5,755",6,7.9,7.3,0.46,29.3
Private School,Chemistry,Dammam,Female,$719 ,"2,644",7,9.1,7.8,0.53,32.8
Private School,Physics,Taif,Female,$503 ,"4,433",8.4,7,7.2,0.83,40.9
Public School,Mathematics,Riyadh,Female,$804 ,"14,958",6.6,8.3,9.7,0.94,40.3
Public School,Physics,Makkah,Male,$943 ,"19,640",8.3,5.6,8.3,0.41,40
Private School,Mathematics,Makkah,Female,$898 ,"1,184",6.2,6.1,8.1,0.13,30
Public School,Mathematics,Jizan,Male,$615 ,"11,381",7.3,5.1,9.7,0.41,40.3
Private School,Physics,Dammam,Female,$584 ,"3,629",6,6.9,7.8,0.2,28.7
Home School,Physics,Makkah,Male,$873 ,"4,078",6.4,9.2,5.7,0.43,25.7
Private School,Chemistry,Taif,Male,$576 ,"4,283",6.2,5.6,9.5,0.6,38
Public School,Chemistry,Al-Khobar,Male,$930 ,"12,542",7.1,6.1,8,0.04,31.6
Home School,Mathematics,Hail,Male,$660 ,"16,359",6.8,7.9,7.6,0.91,36.8
Private School,Chemistry,Riyadh,Female,$879 ,"18,907",9.3,7.6,6.9,1,44.1
Public School,Physics,Jizan,Male,$855 ,"11,211",6.4,9.3,6.3,0.44,26.9
,Mathematics,Tabuk,Male,$786 ,"19,511",9.4,7.5,5.8,0.31,35.4
Home School,Chemistry,Dammam,Female,$930 ,"3,754",8.4,7.9,7,0.49,36.2
Public School,Physics,Dammam,Female,$638 ,"16,195",8.1,9.1,6.2,0.96,37.2
Public School,Mathematics,Madinah,Female,$826 ,"5,009",6.6,8.8,6.5,0.31,27.1
Private School,Chemistry,Al-Baha,Female,$515 ,"15,829",9.8,5,9.7,0.32,47
Private School,Chemistry,Dammam,Male,$782 ,"1,661",7.2,7.9,8.1,0.93,39.2
Public School,Mathematics,Riyadh,Female,$581 ,"16,165",5.3,8.5,7,0.09,22.3
Home School,Mathematics,Dammam,Female,$898 ,"11,441",7.6,7.1,5,0.06,26.3
Public School,Physics,Taif,Male,$901 ,"17,421",6.6,5.1,9,0.86,41.3
Private School,Physics,Madinah,Female,$690 ,"19,788",5.3,6.7,7.5,0.57,29.9
Home School,Mathematics,Riyadh,Male,$768 ,"18,432",8.3,5.5,8.7,0.89,45.7
Public School,Physics,Riyadh,Female,$912 ,"2,455",7.6,5.3,6.7,0.49,35.8
Home School,Chemistry,Makkah,Male,$741 ,"16,456",6.6,7.6,6.2,0.26,27.2
Home School,Chemistry,Hail,Female,$951 ,"10,714",8.5,5.4,7.9,0.38,39.7
Home School,Physics,Jizan,Male,$898 ,"4,406",5.8,8.2,6.5,0.24,24.6
Public School,Physics,Hail,Female,$803 ,"15,125",6.5,9,6.9,0.79,32.2
Private School,Physics,Taif,Female,$538 ,"11,887",9.9,9.9,5.7,0.37,34.9
Private School,Mathematics,Jizan,Female,$714 ,"6,269",6,7.9,6.5,0.46,27.7
Home School,Physics,Makkah,Female,$914 ,"18,576",6.6,5.1,6.8,0.55,33.8
,Chemistry,Al-Baha,Male,$696 ,"5,999",6.2,5.8,5.2,0.24,25.6
Public School,Physics,Hail,Female,$919 ,"8,218",5.7,8.1,6.2,0.27,24.1
Home School,Physics,Makkah,Female,$667 ,"15,964",5.9,5.6,8,0.44,32.5
Public School,Mathematics,Hail,Female,$536 ,"15,973",9.9,7,8.2,0.09,40
Home School,Chemistry,Hail,Male,$726 ,"6,452",6.9,6.2,8.4,0.36,34.9
Public School,Mathematics,Madinah,Male,$950 ,"13,986",6.5,6,6.9,0.08,28.1
,Physics,Al-Khobar,Male,$761 ,"2,364",7.5,7.5,6.2,0.46,32
Home School,Mathematics,Madinah,Female,$677 ,"4,990",9.1,6.7,7.8,0.62,42.4
Private School,Physics,Makkah,Male,$804 ,"13,177",8.3,6.9,5.9,0.99,39.7
Private School,Mathematics,Riyadh,Male,$711 ,"13,452",8.3,8,8.9,0.17,36.4
Private School,Mathematics,Jizan,Female,$653 ,"4,166",8.3,9.9,5.6,0.86,34.8
Home School,Mathematics,Tabuk,Female,$944 ,"1,903",8.1,6,9,0.53,41.6
Home School,Mathematics,Dammam,Male,$894 ,"5,874",6,5.8,6.5,0.17,26.9
Home School,Chemistry,Hail,Female,$833 ,"7,243",7.9,9.4,7.6,0.04,29.9
Home School,Physics,Riyadh,Female,$534 ,"12,927",9.1,9.7,7.7,0.22,35.2
Public School,Physics,Jeddah,Female,$648 ,"11,457",5.8,9.4,5.8,0.17,21.3
Home School,Chemistry,Jizan,Male,$728 ,"17,788",5.3,8.2,5.3,0.22,20.5
Home School,Physics,Madinah,Female,$762 ,"4,090",9.5,5.9,8.9,0.9,49.4
Private School,Physics,Hail,Female,$860 ,"11,749",7.2,9.6,6.3,0.98,34.4
Home School,Physics,Madinah,Female,$970 ,"14,760",9.3,5.6,6.6,0.48,40.3
,Physics,Taif,Female,$651 ,"6,817",7.9,8.5,6.3,0.23,30.1
Public School,Chemistry,Taif,Female,$828 ,"13,552",6.7,8.8,5.7,0.34,26.1
Home School,Physics,Makkah,Male,$902 ,"15,704",9.8,8.8,5.2,0.95,40.5
Home School,Chemistry,Al-Khobar,Female,$501 ,"17,421",5.3,8.9,6.4,0.89,28.7
Public School,Physics,Jizan,Male,$944 ,"17,443",9.3,8.5,9.1,0.83,45.9
Private School,Mathematics,Riyadh,Male,$650 ,"12,474",6.4,7.2,7.8,0.33,30.9
,Chemistry,Jizan,Male,$580 ,"18,791",8.8,9,7.8,0.32,36.2
Home School,Mathematics,Al-Baha,Female,$903 ,"11,134",5.4,6.7,9.4,0.16,29.9
Private School,Mathematics,Madinah,Male,$883 ,"8,924",7.6,6.5,8.5,0.98,43.1
Public School,Chemistry,Jizan,Female,$866 ,"8,981",5.7,6.5,5.8,0.02,22.4
Home School,Physics,Riyadh,Female,$601 ,"18,528",7.3,7.4,9.6,0.3,36.7
Public School,Mathematics,Riyadh,Male,$898 ,"1,558",9.7,9.2,6.5,0.59,38.8
Public School,Mathematics,Madinah,Female,$517 ,"9,988",7.3,5.6,6.2,0.04,29.1
Public School,Physics,Taif,Male,$600 ,"14,712",8.5,9.6,6.7,0.8,37.3
Public School,Mathematics,Hail,Male,$970 ,"9,588",6.6,5.6,7.4,0.9,38
Public School,Mathematics,Dammam,Male,$952 ,"7,749",5.8,2.9,6.7,0.59,33.8
Public School,Chemistry,Tabuk,Female,$737 ,"4,591",7.5,3.3,8.3,0.56,41.4
Home School,Physics,Jizan,Male,$668 ,"16,972",9.4,8.2,6.1,0.97,41.9
Home School,Physics,Makkah,Female,$530 ,"13,022",6,8.2,6.3,0.6,28.4
Private School,Chemistry,Al-Baha,Male,$600 ,"19,778",8.1,5.8,9.1,0.91,45.8
Home School,Physics,Hail,Female,$772 ,"15,086",6.1,5.6,6.5,0.91,34.8
Private School,Physics,Madinah,Male,$921 ,"14,630",5.2,7.9,8.9,0.76,33.1
Private School,Mathematics,Dammam,Female,$578 ,"2,726",6.6,9.2,5,0.23,22.9
Private School,Physics,Al-Baha,Female,$617 ,"2,882",9.4,7.1,9.8,0.86,49.3
Home School,Physics,Al-Baha,Male,$568 ,"5,743",9.2,5.6,7.7,0.11,38.5
Home School,Chemistry,Taif,Female,$749 ,"11,517",6.1,8,6.1,0.85,31
Private School,Physics,Jeddah,Female,$950 ,"3,479",9.4,6.6,9,0.93,48.9
Public School,Mathematics,Taif,Male,$572 ,"16,759",7.6,7.2,5.7,0.65,33.5
Home School,Physics,Jeddah,Female,$814 ,"16,272",8.7,9.2,7.3,0.32,34.7
Private School,Physics,Jizan,Male,$642 ,"15,193",5.7,6.4,5.7,0.2,24.1
Home School,Chemistry,Madinah,Male,$823 ,"10,951",6.4,7,6.1,0.4,28.4
Public School,Physics,Riyadh,Female,$973 ,"4,356",9.7,9.1,6.9,0.79,41.7
Public School,Mathematics,Madinah,Female,$518 ,"15,878",8.1,8.3,6.7,0.81,37.5
Private School,Chemistry,Jizan,Male,$915 ,"19,970",5.2,6,9.6,0.44,33.2
Home School,Physics,Hail,Female,$693 ,"2,331",9.1,5.3,5.5,0.59,38.9
Private School,Physics,Al-Khobar,Male,$592 ,"1,193",7.2,6.5,8,0.97,40.8
Private School,Physics,Hail,Female,$737 ,"12,833",7.3,5.9,9.9,0.47,40.5
Public School,Physics,Taif,Male,$880 ,"18,221",5.8,7.9,7.8,0.1,26.1
Home School,Mathematics,Madinah,Male,$922 ,"10,689",5.9,9.1,9.4,0.33,30.7
Home School,Mathematics,Madinah,Male,$857 ,"10,069",9.4,9.5,6,0.83,39
Private School,Mathematics,Tabuk,Male,$500 ,"3,116",9.8,9.4,8.8,0.54,43
Home School,Physics,Riyadh,Male,$523 ,"19,673",8.6,6.4,9.3,0.59,43.9
Home School,Chemistry,Taif,Female,$859 ,"8,125",5.9,9.3,5.9,0.83,28.5
Home School,Chemistry,Al-Khobar,Female,$513 ,"18,847",5.4,8,6.9,0.88,30.8
Public School,Physics,Riyadh,Female,$863 ,"12,681",8.9,7.7,5.8,0.47,35.3
,Mathematics,Dammam,Male,$961 ,"18,460",7.1,9.3,8.2,0,28.4
Public School,Physics,Jeddah,Male,$888 ,"15,790",5.2,9.4,6.3,0.45,23.3
Public School,Mathematics,Riyadh,Male,$690 ,"8,087",7.9,8.9,7.3,0.24,31.8
Private School,Chemistry,Tabuk,Female,$699 ,"3,816",9.6,5.7,8.9,0.64,47.3
Public School,Mathematics,Dammam,Male,$663 ,"9,303",6.2,5.6,6.8,0.23,28.9
Private School,Chemistry,Makkah,Male,$942 ,"17,596",6.9,5.8,5.1,0.28,27.9
,Mathematics,Taif,Female,$503 ,"15,859",9.8,6.9,8.4,0.02,39.5
Private School,Chemistry,Jeddah,Female,$915 ,"9,200",5.6,8.4,9.4,0.61,33.3
Public School,Physics,Tabuk,Male,$960 ,"5,058",8.8,5.4,9.5,0,40
Private School,Physics,Tabuk,Male,$952 ,"1,663",5.4,5.9,9,0.93,37.6
Public School,Mathematics,Makkah,Female,$828 ,"4,148",5.3,2.5,7.8,0.73,36.3
Home School,Chemistry,Al-Baha,Male,$701 ,"2,638",6.5,5.4,9.5,0.54,38.5
Home School,Mathematics,Riyadh,Male,$745 ,"12,377",7,5.4,8.2,0.49,36.9
Private School,Physics,Hail,Male,$713 ,"5,398",8,5.8,6.8,0.06,32.4
Home School,Mathematics,Madinah,Female,$571 ,"11,582",7.3,6.8,5.1,0.88,34.1
Public School,Physics,Makkah,Male,$841 ,"14,040",7.6,5.3,9.8,0.81,45.2
Public School,Chemistry,Al-Khobar,Female,$847 ,"11,936",8.2,6.2,6.9,0.64,38.6
Private School,Mathematics,Madinah,Female,$737 ,"9,758",8.9,9.7,6.5,0.42,34.2
Home School,Physics,Al-Khobar,Male,$668 ,"6,632",8.7,9.5,8.4,0.8,41.4
Public School,Chemistry,Makkah,Male,$586 ,"6,829",9.4,9.7,7.2,0.79,40.8
Public School,Physics,Al-Baha,Male,$860 ,"17,619",9.8,7.1,9.5,0.18,43.1
Home School,Physics,Madinah,Female,$617 ,"4,737",7.3,5.9,6.8,0.43,33.9
Home School,Chemistry,Riyadh,Male,$607 ,"10,504",7.6,8.6,5.7,0.25,28.1
Public School,Mathematics,Dammam,Male,$860 ,"13,599",6.8,6.3,8.2,0.87,39.2
,Chemistry,Dammam,Male,$552 ,"19,222",8.9,3.5,6.5,0.93,45.5
Public School,Chemistry,Dammam,Female,$690 ,"7,692",7.9,6.7,5.4,0.76,35.4
Public School,Chemistry,Jeddah,Male,$585 ,"14,664",9.9,8.5,5.2,0.11,32.7
Public School,Physics,Makkah,Male,$916 ,"3,785",5.4,6.2,5.7,0.67,28.1
Home School,Mathematics,Al-Khobar,Male,$667 ,"15,170",9.3,6.2,5.7,0.14,34.5
Public School,Physics,Makkah,Male,$956 ,"15,340",6.7,8.2,8,0.5,32.9
Private School,Physics,Jeddah,Male,$689 ,"12,649",9.7,6.1,8.4,0.92,49
Public School,Mathematics,Jeddah,Female,$652 ,"12,575",8,9.1,6.4,0.92,36.9
Public School,Physics,Riyadh,Female,$852 ,"4,152",6.1,6.1,9.8,0.88,40.6
Home School,Chemistry,Jeddah,Female,$982 ,"1,453",6.2,5.6,9.2,0.48,36.2
Public School,Mathematics,Dammam,Male,$589 ,"7,292",7.7,5.3,6.9,0.27,34.3
Private School,Mathematics,Madinah,Male,$840 ,"10,087",7.9,7.6,8.8,0.91,42.8
Public School,Mathematics,Jeddah,Female,$803 ,"2,808",9.6,9.9,8.4,0.77,43.4
Home School,Physics,Makkah,Male,$811 ,"9,114",8.7,8.5,6.2,0.24,32.4
Public School,Chemistry,Makkah,Female,$852 ,"8,295",6.8,7.4,7.3,0.83,35.9
Private School,Physics,Madinah,Male,$960 ,"6,156",5.7,7.6,5.2,0.66,26.5
Home School,Mathematics,Al-Baha,Female,$516 ,"6,773",7.9,9.9,7.4,0.01,28.7
Home School,Mathematics,Al-Khobar,Female,$759 ,"6,686",9.7,5.4,7,0.13,39
,Physics,Hail,Male,$958 ,"1,813",7.2,8.7,5.6,0.4,28.1
Private School,Chemistry,Makkah,Male,$630 ,"10,317",5,7,5.1,0.44,22.6
Private School,Chemistry,Jizan,Male,$972 ,"10,912",8.3,9.5,7,0.25,31.9
Home School,Chemistry,Hail,Female,$525 ,"12,441",7.1,7,7.6,0.23,31.8
Public School,Mathematics,Taif,Female,$658 ,"6,174",9.5,9.1,7.9,0.86,43.8
Public School,Mathematics,Jizan,Female,$939 ,"18,394",8.8,7.9,6.4,0.12,32.5
Private School,Mathematics,Makkah,Male,$876 ,"18,017",9.2,8.6,8.1,0.82,43.4
,Physics,Riyadh,Female,$654 ,"13,751",8.2,7.4,7.6,0.14,33.8
Public School,Physics,Al-Baha,Female,$620 ,"12,082",6.8,6.5,8.6,0.92,40.3
Private School,Physics,Dammam,Female,$758 ,"11,798",5.7,6.1,6.9,0.92,34
,Physics,Riyadh,Male,$508 ,"7,244",8.1,5.6,5.3,0.16,30.9
Public School,Physics,Jeddah,Male,$681 ,"17,256",9.6,7.2,7.7,0.79,44.9
,Mathematics,Al-Baha,Male,$593 ,"16,699",9,7.9,6.4,0.05,32.4
Private School,Physics,Makkah,Female,$661 ,"7,611",9,7,5.3,0.31,33.7
Home School,Mathematics,Tabuk,Female,$570 ,"18,536",6.2,5.2,5.5,0.42,28.6
Private School,Mathematics,Riyadh,Male,$869 ,"4,404",6.3,6.2,6.3,0.13,26.6
Private School,Chemistry,Al-Baha,Male,$991 ,"5,919",6.3,8.4,8.6,0.59,33.6
Home School,Physics,Dammam,Male,$787 ,"16,638",7.6,8.9,7.9,0.75,37.2
Public School,Physics,Al-Baha,Female,$707 ,"18,845",9.3,8.4,6.8,0.78,40.9
,Chemistry,Makkah,Female,$747 ,"18,050",7,5.8,6.6,0.88,37.2
Private School,Chemistry,Dammam,Male,$707 ,"14,143",9.5,9.9,5.8,0.64,36.6
Home School,Chemistry,Tabuk,Female,$848 ,"10,382",7.3,8.2,8.2,1,40.1
Private School,Mathematics,Hail,Male,$550 ,"7,940",7,5.3,9,0.8,41.7
Home School,Chemistry,Al-Khobar,Female,$717 ,"12,315",8.4,7.2,8.8,0.58,41.4
